{
	"partitions" : [
		{
			"name" : "Top",
			"pins" : [
				{
					"name" : "data_read[0]",
					"strict" : false
				},
				{
					"name" : "data_read[1]",
					"strict" : false
				},
				{
					"name" : "data_read[2]",
					"strict" : false
				},
				{
					"name" : "data_read[3]",
					"strict" : false
				},
				{
					"name" : "data_read[4]",
					"strict" : false
				},
				{
					"name" : "data_read[5]",
					"strict" : false
				},
				{
					"name" : "data_read[6]",
					"strict" : false
				},
				{
					"name" : "data_read[7]",
					"strict" : false
				},
				{
					"name" : "full",
					"strict" : false
				},
				{
					"name" : "empty",
					"strict" : false
				},
				{
					"name" : "data_count_w[0]",
					"strict" : false
				},
				{
					"name" : "data_count_w[1]",
					"strict" : false
				},
				{
					"name" : "data_count_w[2]",
					"strict" : false
				},
				{
					"name" : "data_count_w[3]",
					"strict" : false
				},
				{
					"name" : "data_count_w[4]",
					"strict" : false
				},
				{
					"name" : "data_count_w[5]",
					"strict" : false
				},
				{
					"name" : "data_count_w[6]",
					"strict" : false
				},
				{
					"name" : "data_count_w[7]",
					"strict" : false
				},
				{
					"name" : "data_count_w[8]",
					"strict" : false
				},
				{
					"name" : "data_count_w[9]",
					"strict" : false
				},
				{
					"name" : "data_count_w[10]",
					"strict" : false
				},
				{
					"name" : "data_count_r[0]",
					"strict" : false
				},
				{
					"name" : "data_count_r[1]",
					"strict" : false
				},
				{
					"name" : "data_count_r[2]",
					"strict" : false
				},
				{
					"name" : "data_count_r[3]",
					"strict" : false
				},
				{
					"name" : "data_count_r[4]",
					"strict" : false
				},
				{
					"name" : "data_count_r[5]",
					"strict" : false
				},
				{
					"name" : "data_count_r[6]",
					"strict" : false
				},
				{
					"name" : "data_count_r[7]",
					"strict" : false
				},
				{
					"name" : "data_count_r[8]",
					"strict" : false
				},
				{
					"name" : "data_count_r[9]",
					"strict" : false
				},
				{
					"name" : "data_count_r[10]",
					"strict" : false
				},
				{
					"name" : "write",
					"strict" : false
				},
				{
					"name" : "clk_write",
					"strict" : false
				},
				{
					"name" : "clk_read",
					"strict" : false
				},
				{
					"name" : "data_write[0]",
					"strict" : false
				},
				{
					"name" : "read",
					"strict" : false
				},
				{
					"name" : "data_write[1]",
					"strict" : false
				},
				{
					"name" : "data_write[2]",
					"strict" : false
				},
				{
					"name" : "data_write[3]",
					"strict" : false
				},
				{
					"name" : "data_write[4]",
					"strict" : false
				},
				{
					"name" : "data_write[5]",
					"strict" : false
				},
				{
					"name" : "data_write[6]",
					"strict" : false
				},
				{
					"name" : "data_write[7]",
					"strict" : false
				},
				{
					"name" : "rst_n",
					"strict" : false
				}
			]
		}
	]
}